Category_Name,total_scans,b5_scans,b10_scans,calculated_box_count,unique_retailers,scan_share_pct,b5_contribution_pct,performance_tag
Comfy Trunk & Briefs,1459,853,606,1032.5,213,21.32,58.46,HIGHEST (Market Leader)
Comfy Vest,1341,825,516,928.5,217,19.59,61.52,HIGH (Core Tier)
Sporto Neo Series,953,563,390,671.5,207,13.92,59.08,HIGH (Core Tier)
Sporto GV,792,468,324,558.0,194,11.57,59.09,MEDIUM (Stable Growth)
Comfy Ladies,695,415,280,487.5,186,10.15,59.71,MEDIUM (Stable Growth)
MCH/SPT Fine Derby Vest,516,297,219,367.5,167,7.54,57.56,MEDIUM (Stable Growth)
Comfy Casuals,372,229,143,257.5,157,5.44,61.56,MEDIUM (Stable Growth)
Sporto Marvel Kids,266,160,106,186.0,130,3.89,60.15,MEDIUM (Stable Growth)
Comfy Athlix,207,129,78,142.5,118,3.02,62.32,LOW (Niche Segment)
WINTER,124,75,49,86.5,75,1.81,60.48,LOW (Niche Segment)
MCH/SPT Long & FCD,119,71,48,83.5,80,1.74,59.66,LOWEST (Opportunity Area)
