scan_date,total_scans,b5_scans,b10_scans,calculated_box_count,active_retailers,avg_scans_per_active_retailer,day_name,scan_date_str
2026-07-01,220,134,86,153.0,129,1.71,Wednesday,2026-07-01
2026-07-02,216,119,97,156.5,111,1.95,Thursday,2026-07-02
2026-07-03,224,148,76,150.0,118,1.9,Friday,2026-07-03
2026-07-04,231,129,102,166.5,120,1.93,Saturday,2026-07-04
2026-07-05,202,112,90,146.0,118,1.71,Sunday,2026-07-05
2026-07-06,218,137,81,149.5,111,1.96,Monday,2026-07-06
2026-07-07,217,133,84,150.5,116,1.87,Tuesday,2026-07-07
2026-07-08,240,139,101,170.5,123,1.95,Wednesday,2026-07-08
2026-07-09,228,142,86,157.0,127,1.8,Thursday,2026-07-09
2026-07-10,232,141,91,161.5,127,1.83,Friday,2026-07-10
2026-07-11,214,139,75,144.5,124,1.73,Saturday,2026-07-11
2026-07-12,215,136,79,147.0,113,1.9,Sunday,2026-07-12
2026-07-13,218,132,86,152.0,115,1.9,Monday,2026-07-13
2026-07-14,221,147,74,147.5,114,1.94,Tuesday,2026-07-14
2026-07-15,232,139,93,162.5,124,1.87,Wednesday,2026-07-15
2026-07-16,241,147,94,167.5,118,2.04,Thursday,2026-07-16
2026-07-17,206,105,101,153.5,111,1.86,Friday,2026-07-17
2026-07-18,210,113,97,153.5,115,1.83,Saturday,2026-07-18
2026-07-19,220,123,97,158.5,124,1.77,Sunday,2026-07-19
2026-07-20,226,133,93,159.5,116,1.95,Monday,2026-07-20
2026-07-21,232,147,85,158.5,120,1.93,Tuesday,2026-07-21
2026-07-22,224,134,90,157.0,118,1.9,Wednesday,2026-07-22
2026-07-23,240,144,96,168.0,122,1.97,Thursday,2026-07-23
2026-07-24,232,130,102,167.0,123,1.89,Friday,2026-07-24
2026-07-25,195,114,81,138.0,111,1.76,Saturday,2026-07-25
2026-07-26,230,132,98,164.0,126,1.83,Sunday,2026-07-26
2026-07-27,213,133,80,146.5,119,1.79,Monday,2026-07-27
2026-07-28,209,122,87,148.0,116,1.8,Tuesday,2026-07-28
2026-07-29,223,136,87,155.0,124,1.8,Wednesday,2026-07-29
2026-07-30,204,128,76,140.0,118,1.73,Thursday,2026-07-30
2026-07-31,211,117,94,152.5,117,1.8,Friday,2026-07-31
