status_retailer_id,retailer_name,mobile_number,city,State_Name,total_scans,box_count,b5_scans,b10_scans,active_days,first_scan,last_scan,retailer_id,tier
70001,Pankaj Mehta,7031081788,Vijayawada,Andhra Pradesh,119,85.0,68,51,31,2026-07-01 09:05:03,2026-07-31 19:54:26,70001,Gold (>50)
70241,Gopal Sharma,9146968086,Pune,Maharashtra,117,74.5,85,32,30,2026-07-01 11:34:19,2026-07-31 19:39:57,70241,Gold (>50)
70129,Arun Gupta,9646992982,Salem,Tamil Nadu,111,79.5,63,48,31,2026-07-01 13:02:26,2026-07-31 19:54:18,70129,Gold (>50)
70124,Santosh Malhotra,9375170480,Nashik,Maharashtra,107,71.0,72,35,29,2026-07-01 15:13:27,2026-07-31 19:27:09,70124,Gold (>50)
70045,Ajay Jain,9143266319,Karimnagar,Telangana,107,74.0,66,41,29,2026-07-03 09:42:40,2026-07-31 18:38:11,70045,Gold (>50)
70005,Sunil Shah,9758900483,South Delhi,Delhi,104,72.0,64,40,30,2026-07-01 10:54:03,2026-07-31 14:10:34,70005,Gold (>50)
70067,Kamal Mishra,8986246546,Lucknow,Uttar Pradesh,102,68.5,67,35,31,2026-07-01 15:28:58,2026-07-31 15:16:55,70067,Gold (>50)
70020,Vinod Mehta,7917654909,Mysore,Karnataka,100,62.5,75,25,29,2026-07-01 09:44:02,2026-07-31 16:43:24,70020,Gold (>50)
70186,Mukesh Dubey,9699859624,Mumbai,Maharashtra,98,67.0,62,36,30,2026-07-01 12:35:29,2026-07-31 14:37:03,70186,Gold (>50)
70014,Ashok Shah,7083619289,Meerut,Uttar Pradesh,96,70.0,52,44,31,2026-07-01 18:36:11,2026-07-31 15:27:31,70014,Gold (>50)
70083,Manoj Sharma,9471580593,Kurnool,Andhra Pradesh,96,64.5,63,33,30,2026-07-01 11:52:27,2026-07-31 14:10:33,70083,Gold (>50)
70109,Kishore Kumar,8859875088,Gaya,Bihar,95,66.5,57,38,28,2026-07-01 12:21:33,2026-07-31 20:10:12,70109,Gold (>50)
70174,Kamal Bhatia,7930833173,Gulbarga,Karnataka,94,67.5,53,41,30,2026-07-01 15:09:43,2026-07-31 11:07:22,70174,Gold (>50)
70089,Vinod Tiwari,9726099248,Asansol,West Bengal,91,65.5,51,40,30,2026-07-01 11:09:14,2026-07-31 17:07:23,70089,Gold (>50)
70154,Suresh Gupta,8911020154,Darbhanga,Bihar,90,61.0,58,32,29,2026-07-01 10:20:58,2026-07-31 19:16:39,70154,Gold (>50)
70209,Harish Choudhary,7096314161,Jamnagar,Gujarat,89,62.0,54,35,30,2026-07-01 15:21:04,2026-07-31 20:50:10,70209,Gold (>50)
70236,Ajay Rao,9792438757,Vijayawada,Andhra Pradesh,88,63.5,49,39,30,2026-07-01 10:03:15,2026-07-31 19:00:27,70236,Gold (>50)
70232,Dinesh Shah,8831200624,Agra,Uttar Pradesh,86,67.5,37,49,30,2026-07-01 18:52:27,2026-07-31 14:35:23,70232,Gold (>50)
70206,Naresh Mehta,9787064525,Gorakhpur,Uttar Pradesh,79,54.5,49,30,25,2026-07-01 18:40:51,2026-07-31 19:39:38,70206,Gold (>50)
70175,Ashok Choudhary,7931845218,Tirupati,Andhra Pradesh,77,57.5,39,38,29,2026-07-01 11:01:34,2026-07-31 19:44:37,70175,Gold (>50)
70064,Pankaj Tiwari,9654079273,Vadodara,Gujarat,73,52.5,41,32,29,2026-07-01 09:04:55,2026-07-31 18:30:37,70064,Gold (>50)
70141,Vinod Tiwari,9753092987,Central Delhi,Delhi,70,49.0,42,28,26,2026-07-01 12:04:23,2026-07-31 17:56:15,70141,Gold (>50)
70169,Rajesh Verma,7920115078,Darbhanga,Bihar,67,46.0,42,25,31,2026-07-01 12:14:36,2026-07-31 10:04:47,70169,Gold (>50)
70244,Manoj Malhotra,9987540509,Muzaffarpur,Bihar,65,47.0,36,29,28,2026-07-01 15:03:09,2026-07-31 20:42:23,70244,Gold (>50)
70137,Santosh Reddy,9141251097,Nellore,Andhra Pradesh,62,44.5,35,27,29,2026-07-01 12:29:13,2026-07-31 13:57:25,70137,Gold (>50)
70211,Manoj Singh,9432791342,Hubli,Karnataka,61,45.5,31,30,26,2026-07-01 13:59:27,2026-07-31 18:20:11,70211,Gold (>50)
70103,Naresh Sharma,9629931456,Kanpur,Uttar Pradesh,59,41.0,36,23,25,2026-07-01 18:53:29,2026-07-31 17:53:34,70103,Gold (>50)
70216,Satish Agarwal,9532910282,Jamnagar,Gujarat,59,40.0,38,21,27,2026-07-01 13:49:00,2026-07-31 12:27:07,70216,Gold (>50)
70088,Amit Malhotra,7926618153,Aurangabad,Maharashtra,56,40.0,32,24,25,2026-07-01 10:08:12,2026-07-31 17:04:05,70088,Gold (>50)
70250,Suresh Dubey,9918336900,Amritsar,Punjab,55,39.5,31,24,25,2026-07-01 11:40:16,2026-07-31 11:03:03,70250,Gold (>50)
70077,Mukesh Bhatia,9833930984,Ahmedabad,Gujarat,50,36.0,28,22,24,2026-07-01 12:00:33,2026-07-30 17:14:37,70077,Silver (21-50)
70074,Sunil Kumar,9315562067,Nellore,Andhra Pradesh,50,34.5,31,19,25,2026-07-01 18:17:34,2026-07-31 18:17:57,70074,Silver (21-50)
70155,Gopal Bhatia,9357379179,Tirupur,Tamil Nadu,49,33.0,32,17,26,2026-07-01 11:07:30,2026-07-31 16:15:23,70155,Silver (21-50)
70219,Sunil Gupta,9394111129,South Delhi,Delhi,49,34.5,29,20,26,2026-07-01 18:17:05,2026-07-31 11:03:40,70219,Silver (21-50)
70199,Naresh Gupta,9738175911,Jaipur,Rajasthan,44,32.5,23,21,23,2026-07-01 10:48:31,2026-07-30 17:27:35,70199,Silver (21-50)
70203,Satish Choudhary,7047407753,Prayagraj,Uttar Pradesh,44,32.0,24,20,21,2026-07-02 14:13:25,2026-07-29 19:10:58,70203,Silver (21-50)
70237,Vinod Patel,9391831756,Chennai,Tamil Nadu,44,27.0,34,10,26,2026-07-01 16:21:47,2026-07-31 20:11:37,70237,Silver (21-50)
70249,Satish Tiwari,9118640145,Kolhapur,Maharashtra,44,30.5,27,17,26,2026-07-01 17:39:45,2026-07-31 20:49:25,70249,Silver (21-50)
70150,Santosh Shah,9362715014,Pune,Maharashtra,44,31.0,26,18,23,2026-07-02 11:56:30,2026-07-31 20:15:15,70150,Silver (21-50)
70140,Naresh Yadav,8892125254,Guntur,Andhra Pradesh,44,29.5,29,15,24,2026-07-01 18:17:21,2026-07-30 09:47:18,70140,Silver (21-50)
70198,Praveen Sharma,9127066318,Bhopal,Madhya Pradesh,43,30.5,25,18,20,2026-07-01 13:16:34,2026-07-30 11:41:12,70198,Silver (21-50)
70159,Harish Reddy,9756316696,Belgaum,Karnataka,43,32.5,21,22,21,2026-07-01 12:31:46,2026-07-29 15:17:15,70159,Silver (21-50)
70042,Suresh Sharma,9577758014,Kanpur,Uttar Pradesh,43,28.5,29,14,23,2026-07-01 11:28:23,2026-07-30 10:43:26,70042,Silver (21-50)
70009,Satish Malhotra,9365848857,Karimnagar,Telangana,43,31.0,24,19,23,2026-07-02 15:27:04,2026-07-31 15:56:07,70009,Silver (21-50)
70113,Santosh Verma,9193752812,Gorakhpur,Uttar Pradesh,43,29.5,27,16,22,2026-07-01 10:17:35,2026-07-31 17:05:59,70113,Silver (21-50)
70200,Ajay Mishra,7921360589,Asansol,West Bengal,42,29.5,25,17,22,2026-07-01 12:06:51,2026-07-29 10:49:38,70200,Silver (21-50)
70179,Kamal Mehta,9453353746,Nagpur,Maharashtra,42,27.5,29,13,26,2026-07-01 16:35:28,2026-07-31 20:16:47,70179,Silver (21-50)
70164,Kamal Agarwal,9987960088,Jodhpur,Rajasthan,42,32.5,19,23,20,2026-07-02 10:59:37,2026-07-29 13:34:19,70164,Silver (21-50)
70041,Gopal Kumar,9672134783,Jamnagar,Gujarat,42,30.0,24,18,23,2026-07-01 17:21:49,2026-07-31 17:52:12,70041,Silver (21-50)
70161,Harish Verma,9330521013,Hyderabad,Telangana,41,30.0,22,19,22,2026-07-01 13:53:23,2026-07-31 19:24:47,70161,Silver (21-50)
70201,Mohan Choudhary,9682648934,Surat,Gujarat,41,30.0,22,19,25,2026-07-02 13:01:13,2026-07-30 15:18:04,70201,Silver (21-50)
70233,Pankaj Yadav,9197144164,Muzaffarpur,Bihar,41,28.5,25,16,24,2026-07-01 13:51:20,2026-07-30 15:46:25,70233,Silver (21-50)
70114,Kishore Patel,7915525633,Lucknow,Uttar Pradesh,40,28.0,24,16,24,2026-07-01 20:12:33,2026-07-31 17:12:00,70114,Silver (21-50)
70091,Anil Bhatia,9985191987,Kolhapur,Maharashtra,40,31.0,18,22,23,2026-07-01 11:14:32,2026-07-31 17:59:55,70091,Silver (21-50)
70197,Rajesh Rao,9130808635,Kanpur,Uttar Pradesh,40,27.5,25,15,23,2026-07-01 11:17:50,2026-07-30 14:40:55,70197,Silver (21-50)
70134,Vijay Rao,9116193956,Jamnagar,Gujarat,40,29.0,22,18,24,2026-07-01 20:43:37,2026-07-31 16:18:08,70134,Silver (21-50)
70046,Vikram Singh,8988911293,Jaipur,Rajasthan,40,27.0,26,14,22,2026-07-02 19:03:19,2026-07-31 17:07:13,70046,Silver (21-50)
70072,Anil Verma,7965860631,Coimbatore,Tamil Nadu,40,30.0,20,20,24,2026-07-01 11:39:56,2026-07-31 17:07:59,70072,Silver (21-50)
70227,Praveen Agarwal,8984006537,Mumbai,Maharashtra,40,27.0,26,14,26,2026-07-01 20:46:56,2026-07-31 18:25:34,70227,Silver (21-50)
70191,Rakesh Mehta,7077209598,Agra,Uttar Pradesh,40,29.0,22,18,21,2026-07-01 12:35:48,2026-07-31 20:33:00,70191,Silver (21-50)
70188,Satish Kumar,9170350105,Surat,Gujarat,40,28.0,24,16,22,2026-07-01 12:56:11,2026-07-31 20:09:40,70188,Silver (21-50)
70068,Gopal Jain,8899630668,Mumbai,Maharashtra,39,25.5,27,12,24,2026-07-01 10:53:46,2026-07-31 15:39:32,70068,Silver (21-50)
70093,Ashok Reddy,7967647084,Muzaffarpur,Bihar,39,31.0,16,23,23,2026-07-01 19:41:18,2026-07-31 19:40:06,70093,Silver (21-50)
70157,Arun Joshi,9827562548,Gurugram,Haryana,38,27.0,22,16,22,2026-07-01 10:42:31,2026-07-31 16:34:25,70157,Silver (21-50)
70162,Dinesh Gupta,9746595773,Rourkela,Odisha,38,26.5,23,15,22,2026-07-01 10:12:24,2026-07-30 09:10:34,70162,Silver (21-50)
70238,Arun Joshi,7926413328,Rajkot,Gujarat,37,24.0,26,11,24,2026-07-01 15:14:10,2026-07-31 19:26:02,70238,Silver (21-50)
70108,Deepak Jain,9617021862,Mysore,Karnataka,37,25.0,24,13,21,2026-07-01 11:41:24,2026-07-31 15:54:50,70108,Silver (21-50)
70022,Jagdish Sharma,9398917675,Bardhaman,West Bengal,37,26.0,22,15,19,2026-07-01 09:16:58,2026-07-31 20:25:07,70022,Silver (21-50)
70062,Sanjay Shah,9333614649,Gorakhpur,Uttar Pradesh,37,26.0,22,15,22,2026-07-01 12:03:23,2026-07-31 18:43:11,70062,Silver (21-50)
70032,Harish Jain,9519405634,Chennai,Tamil Nadu,36,25.0,22,14,18,2026-07-01 13:15:14,2026-07-30 19:48:50,70032,Silver (21-50)
70080,Ramesh Bhatia,9677201057,Surat,Gujarat,36,25.5,21,15,21,2026-07-02 10:30:22,2026-07-31 11:53:18,70080,Silver (21-50)
70242,Ramesh Reddy,9951672086,South Delhi,Delhi,36,24.5,23,13,20,2026-07-03 16:11:34,2026-07-31 10:28:09,70242,Silver (21-50)
70149,Kamal Agarwal,8945119150,Gorakhpur,Uttar Pradesh,35,23.0,24,11,23,2026-07-03 10:31:14,2026-07-31 20:14:52,70149,Silver (21-50)
70087,Rajesh Gupta,9975438362,Coimbatore,Tamil Nadu,35,27.5,15,20,20,2026-07-01 12:37:07,2026-07-31 20:40:51,70087,Silver (21-50)
70031,Suresh Gupta,8894504547,Bangalore,Karnataka,34,24.0,20,14,22,2026-07-01 09:10:50,2026-07-30 09:23:13,70031,Silver (21-50)
70018,Ramesh Mehta,8839859174,Nagpur,Maharashtra,33,24.5,17,16,19,2026-07-01 10:06:00,2026-07-30 12:20:52,70018,Silver (21-50)
70048,Mohan Shah,9387183765,Mysore,Karnataka,33,20.0,26,7,24,2026-07-01 11:50:31,2026-07-30 19:16:36,70048,Silver (21-50)
70125,Mohan Jain,9888795078,Nellore,Andhra Pradesh,33,19.5,27,6,20,2026-07-01 10:42:27,2026-07-31 17:12:31,70125,Silver (21-50)
70121,Vinod Agarwal,9945453171,Visakhapatnam,Andhra Pradesh,32,24.0,16,16,21,2026-07-01 20:34:33,2026-07-31 12:43:06,70121,Silver (21-50)
70030,Anil Mehta,9943163773,Central Delhi,Delhi,32,23.5,17,15,25,2026-07-01 10:14:21,2026-07-31 12:35:27,70030,Silver (21-50)
70126,Jagdish Bhatia,9623781009,Nagpur,Maharashtra,32,20.0,24,8,19,2026-07-02 11:05:17,2026-07-30 13:20:57,70126,Silver (21-50)
70135,Santosh Rao,9697994960,Muzaffarpur,Bihar,31,20.0,22,9,18,2026-07-01 15:56:27,2026-07-31 19:07:11,70135,Silver (21-50)
70217,Ramesh Rao,8914032654,Belgaum,Karnataka,31,22.0,18,13,18,2026-07-01 09:44:06,2026-07-31 19:13:31,70217,Silver (21-50)
70019,Dinesh Rao,9633234510,Mumbai,Maharashtra,31,22.0,18,13,22,2026-07-02 20:25:20,2026-07-31 11:51:03,70019,Silver (21-50)
70058,Ajay Singh,7913741196,Mysore,Karnataka,31,22.5,17,14,18,2026-07-01 09:38:17,2026-07-30 17:57:33,70058,Silver (21-50)
70073,Rakesh Malhotra,7975432283,Rajkot,Gujarat,31,19.0,24,7,20,2026-07-02 14:55:54,2026-07-31 20:31:51,70073,Silver (21-50)
70097,Kamal Yadav,9461646180,North Delhi,Delhi,30,23.0,14,16,19,2026-07-01 20:10:00,2026-07-31 18:27:58,70097,Silver (21-50)
70071,Kishore Kumar,9350480309,Guntur,Andhra Pradesh,30,20.5,19,11,20,2026-07-01 11:04:24,2026-07-31 15:54:00,70071,Silver (21-50)
70069,Harish Kumar,9499589817,Meerut,Uttar Pradesh,30,20.0,20,10,20,2026-07-02 13:29:25,2026-07-31 09:13:55,70069,Silver (21-50)
70131,Ashok Reddy,9139677043,Salem,Tamil Nadu,30,23.0,14,16,20,2026-07-01 18:06:17,2026-07-31 15:49:27,70131,Silver (21-50)
70023,Mukesh Bhatia,9416659908,Trichy,Tamil Nadu,30,20.5,19,11,19,2026-07-02 09:05:45,2026-07-31 20:46:01,70023,Silver (21-50)
70047,Vinod Kumar,9787209213,Kanpur,Uttar Pradesh,30,21.5,17,13,21,2026-07-01 18:44:04,2026-07-30 16:20:21,70047,Silver (21-50)
70008,Jagdish Patel,9644119117,Mumbai,Maharashtra,30,22.5,15,15,19,2026-07-01 11:02:09,2026-07-31 14:08:28,70008,Silver (21-50)
70028,Naresh Singh,9342797855,Chennai,Tamil Nadu,30,20.5,19,11,18,2026-07-01 14:43:39,2026-07-28 13:49:37,70028,Silver (21-50)
70060,Naresh Agarwal,9592896667,East Delhi,Delhi,30,20.5,19,11,16,2026-07-02 15:28:37,2026-07-31 09:48:48,70060,Silver (21-50)
70095,Arun Bhatia,9132419480,Madurai,Tamil Nadu,29,20.5,17,12,19,2026-07-01 16:41:25,2026-07-31 19:09:30,70095,Silver (21-50)
70180,Manoj Choudhary,9765229602,Kanpur,Uttar Pradesh,29,24.5,9,20,21,2026-07-02 13:46:32,2026-07-31 18:01:34,70180,Silver (21-50)
70142,Mohan Reddy,9661207679,Jabalpur,Madhya Pradesh,29,21.5,15,14,21,2026-07-01 17:41:47,2026-07-31 17:28:36,70142,Silver (21-50)
70148,Ajay Singh,9462534223,Jaipur,Rajasthan,29,19.5,19,10,19,2026-07-02 13:35:31,2026-07-31 18:04:22,70148,Silver (21-50)
70195,Kamal Gupta,7961721929,Bhavnagar,Gujarat,29,21.0,16,13,18,2026-07-01 18:53:39,2026-07-31 15:13:36,70195,Silver (21-50)
70246,Arun Sharma,8855545724,Bhagalpur,Bihar,28,21.5,13,15,20,2026-07-01 09:00:36,2026-07-31 17:44:45,70246,Silver (21-50)
70115,Mukesh Singh,9119451337,Jamnagar,Gujarat,28,21.5,13,15,19,2026-07-03 15:52:44,2026-07-31 12:01:03,70115,Silver (21-50)
70165,Kishore Verma,9645280122,Hubli,Karnataka,27,20.5,13,14,18,2026-07-01 09:13:42,2026-07-31 20:09:39,70165,Silver (21-50)
70192,Santosh Gupta,8843283771,Mysore,Karnataka,27,19.0,16,11,18,2026-07-01 19:17:12,2026-07-31 12:53:52,70192,Silver (21-50)
70085,Rajesh Mishra,9691251088,Aurangabad,Maharashtra,27,20.5,13,14,18,2026-07-01 16:14:30,2026-07-31 15:37:50,70085,Silver (21-50)
70170,Dinesh Mishra,7052413492,Hubli,Karnataka,27,21.0,12,15,17,2026-07-05 13:25:05,2026-07-31 19:56:57,70170,Silver (21-50)
70040,Ajay Gupta,9786294551,Bhopal,Madhya Pradesh,27,19.0,16,11,17,2026-07-01 10:23:08,2026-07-31 12:41:11,70040,Silver (21-50)
70016,Kamal Dubey,9433484187,Ujjain,Madhya Pradesh,26,17.5,17,9,20,2026-07-02 12:41:44,2026-07-31 16:08:44,70016,Silver (21-50)
70094,Ajay Singh,7996205129,Guntur,Andhra Pradesh,26,17.0,18,8,18,2026-07-02 13:43:36,2026-07-29 15:40:58,70094,Silver (21-50)
70010,Kishore Yadav,9877157848,Gurugram,Haryana,25,17.0,16,9,14,2026-07-02 14:31:37,2026-07-29 13:51:24,70010,Silver (21-50)
70204,Sunil Kumar,9357602635,Gulbarga,Karnataka,25,18.0,14,11,19,2026-07-01 14:15:57,2026-07-31 15:08:51,70204,Silver (21-50)
70245,Vijay Sharma,7042002177,Solapur,Maharashtra,24,16.5,15,9,16,2026-07-02 15:27:00,2026-07-31 19:27:06,70245,Silver (21-50)
70039,Vinod Bhatia,9650869792,Prayagraj,Uttar Pradesh,24,19.0,10,14,18,2026-07-03 09:18:59,2026-07-30 17:48:47,70039,Silver (21-50)
70102,Amit Reddy,9144970444,Guntur,Andhra Pradesh,24,18.0,12,12,16,2026-07-03 10:31:47,2026-07-31 12:10:49,70102,Silver (21-50)
70007,Jagdish Verma,9476401385,Nellore,Andhra Pradesh,24,17.0,14,10,18,2026-07-01 14:37:20,2026-07-29 14:19:26,70007,Silver (21-50)
70050,Rajesh Kumar,9382193785,Salem,Tamil Nadu,24,17.5,13,11,19,2026-07-01 14:02:36,2026-07-31 09:16:10,70050,Silver (21-50)
70187,Santosh Mehta,9851965471,Central Delhi,Delhi,23,17.0,12,11,12,2026-07-03 12:26:39,2026-07-31 20:18:23,70187,Silver (21-50)
70214,Manoj Agarwal,9812825896,Sambalpur,Odisha,23,14.0,18,5,16,2026-07-01 16:17:19,2026-07-31 19:24:59,70214,Silver (21-50)
70136,Deepak Dubey,9890218637,Hubli,Karnataka,23,15.0,16,7,14,2026-07-04 15:33:52,2026-07-30 11:48:12,70136,Silver (21-50)
70056,Satish Reddy,9680098339,Bhavnagar,Gujarat,23,17.5,11,12,14,2026-07-02 17:29:19,2026-07-31 11:35:00,70056,Silver (21-50)
70043,Santosh Bhatia,9142576169,Ajmer,Rajasthan,22,17.0,10,12,14,2026-07-04 15:56:49,2026-07-29 17:51:50,70043,Silver (21-50)
70171,Mohan Rao,9534192961,Solapur,Maharashtra,22,15.0,14,8,18,2026-07-01 10:11:50,2026-07-31 19:25:38,70171,Silver (21-50)
70247,Sanjay Tiwari,9121021186,Central Delhi,Delhi,22,15.5,13,9,18,2026-07-01 16:49:42,2026-07-29 17:44:06,70247,Silver (21-50)
70152,Naresh Yadav,9752942594,Hubli,Karnataka,21,14.5,13,8,14,2026-07-01 12:33:33,2026-07-27 10:56:02,70152,Silver (21-50)
70049,Amit Tiwari,7973362116,Prayagraj,Uttar Pradesh,21,14.0,14,7,17,2026-07-03 20:16:30,2026-07-31 15:56:26,70049,Silver (21-50)
70066,Arun Yadav,9137780899,Vadodara,Gujarat,21,13.5,15,6,18,2026-07-01 14:06:18,2026-07-31 19:29:31,70066,Silver (21-50)
70015,Mohan Patel,9355816038,Vadodara,Gujarat,21,16.0,10,11,16,2026-07-01 12:45:56,2026-07-30 19:17:22,70015,Silver (21-50)
70183,Vijay Mehta,8815290717,Kanpur,Uttar Pradesh,20,13.0,14,6,15,2026-07-01 10:07:09,2026-07-29 18:26:09,70183,Bronze (5-20)
70029,Sanjay Gupta,9161910807,Ahmedabad,Gujarat,20,15.5,9,11,13,2026-07-01 16:53:03,2026-07-31 10:27:59,70029,Bronze (5-20)
70225,Pankaj Yadav,9570251070,Varanasi,Uttar Pradesh,18,13.0,10,8,15,2026-07-02 15:16:06,2026-07-30 10:28:39,70225,Bronze (5-20)
70132,Deepak Shah,8983678496,Nagpur,Maharashtra,18,12.0,12,6,11,2026-07-01 12:35:56,2026-07-30 17:02:54,70132,Bronze (5-20)
70024,Sanjay Kumar,8845562619,Asansol,West Bengal,18,11.5,13,5,13,2026-07-03 10:38:36,2026-07-27 18:58:05,70024,Bronze (5-20)
70034,Praveen Kumar,7964434670,Asansol,West Bengal,18,13.0,10,8,11,2026-07-04 09:23:35,2026-07-30 17:44:43,70034,Bronze (5-20)
70202,Arun Sharma,9912090212,Kanpur,Uttar Pradesh,18,14.0,8,10,16,2026-07-01 16:28:03,2026-07-31 20:25:24,70202,Bronze (5-20)
70044,Praveen Rao,7994890726,Meerut,Uttar Pradesh,17,12.5,9,8,12,2026-07-02 17:30:48,2026-07-31 19:55:58,70044,Bronze (5-20)
70160,Santosh Dubey,8977411050,Pune,Maharashtra,17,11.0,12,5,14,2026-07-01 17:48:51,2026-07-31 12:00:02,70160,Bronze (5-20)
70151,Gopal Shah,9938348817,Guntur,Andhra Pradesh,17,10.5,13,4,13,2026-07-01 19:48:49,2026-07-29 11:51:44,70151,Bronze (5-20)
70235,Kamal Jain,9417334901,Pune,Maharashtra,16,10.5,11,5,12,2026-07-02 11:27:26,2026-07-29 15:29:35,70235,Bronze (5-20)
70133,Mohan Malhotra,9728786176,Bikaner,Rajasthan,16,10.5,11,5,13,2026-07-06 19:05:16,2026-07-29 20:40:35,70133,Bronze (5-20)
70038,Anil Tiwari,9673967150,Cuttack,Odisha,16,11.5,9,7,14,2026-07-01 16:03:28,2026-07-28 18:08:58,70038,Bronze (5-20)
70017,Naresh Mehta,7060873983,Patiala,Punjab,15,8.5,13,2,10,2026-07-06 16:17:22,2026-07-30 19:07:50,70017,Bronze (5-20)
70105,Deepak Tiwari,9362044151,Cuttack,Odisha,15,10.5,9,6,13,2026-07-01 15:03:38,2026-07-28 19:12:46,70105,Bronze (5-20)
70090,Arun Choudhary,9613125354,Ujjain,Madhya Pradesh,15,10.5,9,6,11,2026-07-01 20:54:22,2026-07-29 09:15:34,70090,Bronze (5-20)
70052,Suresh Bhatia,7958978079,East Delhi,Delhi,15,12.0,6,9,11,2026-07-02 16:05:47,2026-07-30 18:20:09,70052,Bronze (5-20)
70079,Vikram Bhatia,9366024141,Mumbai,Maharashtra,14,8.0,12,2,11,2026-07-03 15:10:09,2026-07-30 20:17:23,70079,Bronze (5-20)
70099,Manoj Sharma,9113094235,Indore,Madhya Pradesh,14,9.5,9,5,12,2026-07-01 10:48:21,2026-07-31 14:52:05,70099,Bronze (5-20)
70070,Santosh Reddy,7958518372,Nagpur,Maharashtra,14,10.0,8,6,11,2026-07-07 13:10:14,2026-07-29 20:22:05,70070,Bronze (5-20)
70153,Kishore Bhatia,9150686940,Salem,Tamil Nadu,14,9.0,10,4,13,2026-07-03 11:03:06,2026-07-30 16:49:39,70153,Bronze (5-20)
70158,Rajesh Rao,7063520377,Bathinda,Punjab,14,10.5,7,7,11,2026-07-02 15:54:31,2026-07-31 09:55:25,70158,Bronze (5-20)
70177,Satish Agarwal,9568237814,Kota,Rajasthan,14,10.5,7,7,13,2026-07-02 13:18:09,2026-07-29 12:34:10,70177,Bronze (5-20)
70218,Vijay Rao,9455938649,Kurnool,Andhra Pradesh,14,8.0,12,2,11,2026-07-03 09:16:41,2026-07-29 12:07:09,70218,Bronze (5-20)
70145,Mohan Reddy,9667696034,Udaipur,Rajasthan,14,9.0,10,4,11,2026-07-01 16:41:34,2026-07-28 14:49:12,70145,Bronze (5-20)
70027,Pankaj Joshi,8967631343,Tirupati,Andhra Pradesh,14,11.0,6,8,11,2026-07-03 19:10:30,2026-07-28 11:07:19,70027,Bronze (5-20)
70002,Harish Patel,9698358551,Salem,Tamil Nadu,14,10.0,8,6,12,2026-07-01 12:48:44,2026-07-31 17:22:23,70002,Bronze (5-20)
70210,Gopal Joshi,9771647593,Hubli,Karnataka,13,8.5,9,4,11,2026-07-04 14:31:57,2026-07-28 16:14:57,70210,Bronze (5-20)
70084,Arun Verma,9820320855,Bhopal,Madhya Pradesh,13,9.0,8,5,10,2026-07-01 16:23:46,2026-07-29 19:37:01,70084,Bronze (5-20)
70193,Arun Yadav,9911992825,Jamnagar,Gujarat,13,7.5,11,2,11,2026-07-04 18:11:17,2026-07-31 16:19:22,70193,Bronze (5-20)
70234,Manoj Agarwal,9539737667,Durgapur,West Bengal,12,8.5,7,5,11,2026-07-04 17:21:21,2026-07-31 20:45:19,70234,Bronze (5-20)
70035,Vijay Bhatia,9822707035,Bardhaman,West Bengal,12,9.5,5,7,10,2026-07-16 14:48:56,2026-07-31 16:43:21,70035,Bronze (5-20)
70220,Suresh Joshi,9320104107,Siliguri,West Bengal,12,10.0,4,8,9,2026-07-03 19:07:54,2026-07-28 18:01:41,70220,Bronze (5-20)
70172,Suresh Yadav,9924812143,Prayagraj,Uttar Pradesh,12,9.0,6,6,11,2026-07-01 11:46:20,2026-07-28 16:34:33,70172,Bronze (5-20)
70248,Praveen Sharma,9153663896,Aurangabad,Maharashtra,12,8.0,8,4,10,2026-07-01 11:03:13,2026-07-30 10:19:11,70248,Bronze (5-20)
70104,Harish Verma,9566004002,Ahmedabad,Gujarat,12,7.0,10,2,11,2026-07-03 14:01:34,2026-07-31 11:50:20,70104,Bronze (5-20)
70075,Deepak Dubey,9394461358,Bhopal,Madhya Pradesh,11,7.0,8,3,8,2026-07-06 14:14:06,2026-07-25 09:32:25,70075,Bronze (5-20)
70053,Ramesh Dubey,7027028708,Chennai,Tamil Nadu,11,7.0,8,3,11,2026-07-03 18:25:17,2026-07-29 11:18:05,70053,Bronze (5-20)
70116,Mukesh Rao,8970628583,Kolkata,West Bengal,11,7.0,8,3,9,2026-07-04 10:56:30,2026-07-28 12:10:41,70116,Bronze (5-20)
70123,Harish Shah,9164440645,Kanpur,Uttar Pradesh,11,6.5,9,2,10,2026-07-01 14:59:50,2026-07-30 10:21:40,70123,Bronze (5-20)
70181,Naresh Joshi,7022866619,Mumbai,Maharashtra,11,8.0,6,5,8,2026-07-02 09:12:53,2026-07-25 19:53:31,70181,Bronze (5-20)
70003,Manoj Sharma,7986893497,Tirupati,Andhra Pradesh,10,6.5,7,3,10,2026-07-02 11:57:48,2026-07-28 13:16:36,70003,Bronze (5-20)
70078,Rakesh Bhatia,9339702914,Nellore,Andhra Pradesh,10,7.0,6,4,8,2026-07-04 10:11:30,2026-07-30 19:54:13,70078,Bronze (5-20)
70224,Mahesh Yadav,9155844569,Lucknow,Uttar Pradesh,10,6.5,7,3,7,2026-07-03 19:33:27,2026-07-30 14:52:00,70224,Bronze (5-20)
70182,Ashok Malhotra,9186716230,Tirupur,Tamil Nadu,10,7.5,5,5,10,2026-07-01 15:32:45,2026-07-30 20:14:28,70182,Bronze (5-20)
70243,Mukesh Choudhary,9427503547,Jodhpur,Rajasthan,10,6.5,7,3,7,2026-07-05 20:58:08,2026-07-26 12:40:35,70243,Bronze (5-20)
70127,Jagdish Verma,9949648899,Aurangabad,Maharashtra,10,5.5,9,1,9,2026-07-01 13:10:51,2026-07-30 12:12:06,70127,Bronze (5-20)
70168,Rakesh Kumar,7027824559,Mysore,Karnataka,10,6.0,8,2,10,2026-07-01 15:25:24,2026-07-27 11:04:41,70168,Bronze (5-20)
70011,Vikram Bhatia,9654054178,Jalandhar,Punjab,10,8.5,3,7,8,2026-07-01 20:07:23,2026-07-25 10:29:02,70011,Bronze (5-20)
70111,Kishore Choudhary,9819496563,Mysore,Karnataka,9,6.0,6,3,8,2026-07-01 10:21:28,2026-07-27 14:24:53,70111,Bronze (5-20)
70107,Amit Dubey,7047617741,Tirupati,Andhra Pradesh,9,6.0,6,3,8,2026-07-06 11:37:39,2026-07-31 13:23:29,70107,Bronze (5-20)
70230,Ajay Bhatia,9482892046,Kolhapur,Maharashtra,9,7.5,3,6,8,2026-07-02 09:00:16,2026-07-27 10:35:11,70230,Bronze (5-20)
70194,Ajay Dubey,7999597893,Gulbarga,Karnataka,9,6.5,5,4,8,2026-07-03 20:56:10,2026-07-26 13:10:54,70194,Bronze (5-20)
70144,Jagdish Yadav,7099817241,Kolkata,West Bengal,9,6.0,6,3,9,2026-07-02 11:08:49,2026-07-30 15:38:21,70144,Bronze (5-20)
70012,Sunil Shah,8861327755,Jamnagar,Gujarat,8,5.5,5,3,7,2026-07-06 13:08:58,2026-07-31 14:27:57,70012,Bronze (5-20)
70098,Rajesh Reddy,9686165878,Gorakhpur,Uttar Pradesh,8,6.0,4,4,7,2026-07-04 17:07:01,2026-07-28 11:48:47,70098,Bronze (5-20)
70057,Harish Gupta,9865395426,Surat,Gujarat,8,5.5,5,3,7,2026-07-07 17:36:13,2026-07-26 20:40:12,70057,Bronze (5-20)
70185,Ashok Choudhary,9454721695,Chennai,Tamil Nadu,8,5.5,5,3,8,2026-07-01 18:02:07,2026-07-23 16:27:55,70185,Bronze (5-20)
70086,Jagdish Reddy,7067395058,Visakhapatnam,Andhra Pradesh,8,6.0,4,4,7,2026-07-01 11:47:09,2026-07-24 18:40:16,70086,Bronze (5-20)
70167,Anil Sharma,9623881178,Patna,Bihar,8,5.5,5,3,7,2026-07-03 12:50:31,2026-07-28 19:11:16,70167,Bronze (5-20)
70130,Vikram Kumar,7993463150,Mysore,Karnataka,8,6.0,4,4,7,2026-07-01 10:18:32,2026-07-29 20:16:08,70130,Bronze (5-20)
70166,Rakesh Singh,9843957164,Asansol,West Bengal,8,5.5,5,3,7,2026-07-10 14:20:51,2026-07-31 19:29:02,70166,Bronze (5-20)
70208,Praveen Malhotra,9631217066,Kanpur,Uttar Pradesh,7,3.5,7,0,7,2026-07-06 20:08:14,2026-07-26 19:25:37,70208,Bronze (5-20)
70025,Vikram Gupta,9931114003,Tirupur,Tamil Nadu,7,4.0,6,1,6,2026-07-01 17:20:16,2026-07-30 09:38:39,70025,Bronze (5-20)
70013,Santosh Gupta,9844045666,Prayagraj,Uttar Pradesh,7,6.0,2,5,7,2026-07-03 09:34:18,2026-07-29 19:12:48,70013,Bronze (5-20)
70051,Vinod Dubey,8914466271,Udaipur,Rajasthan,7,5.0,4,3,7,2026-07-01 19:54:01,2026-07-29 09:41:19,70051,Bronze (5-20)
70138,Praveen Mishra,9130080673,Guntur,Andhra Pradesh,7,5.5,3,4,5,2026-07-04 15:07:12,2026-07-29 20:39:27,70138,Bronze (5-20)
70065,Amit Verma,9990768647,Ahmedabad,Gujarat,7,5.0,4,3,7,2026-07-03 16:39:58,2026-07-30 10:30:43,70065,Bronze (5-20)
70082,Sanjay Choudhary,9532064334,Fatehgarh Sahib,Punjab,7,4.5,5,2,6,2026-07-01 11:45:02,2026-07-26 12:18:59,70082,Bronze (5-20)
70061,Praveen Singh,9947327243,Vadodara,Gujarat,7,4.5,5,2,6,2026-07-05 17:25:57,2026-07-30 14:45:10,70061,Bronze (5-20)
70092,Rakesh Tiwari,9617585153,Gulbarga,Karnataka,7,6.0,2,5,7,2026-07-05 12:12:10,2026-07-28 20:35:43,70092,Bronze (5-20)
70240,Gopal Verma,9438570055,Bangalore,Karnataka,6,3.5,5,1,5,2026-07-08 20:52:03,2026-07-28 19:39:22,70240,Bronze (5-20)
70226,Gopal Patel,9423952821,Nellore,Andhra Pradesh,6,4.5,3,3,6,2026-07-01 10:41:54,2026-07-23 16:28:43,70226,Bronze (5-20)
70205,Amit Choudhary,9319714891,Kolkata,West Bengal,6,3.0,6,0,4,2026-07-02 15:40:24,2026-07-30 14:41:25,70205,Bronze (5-20)
70101,Vikram Mehta,9885149843,Kolhapur,Maharashtra,6,4.5,3,3,6,2026-07-04 13:14:42,2026-07-31 20:06:39,70101,Bronze (5-20)
70063,Mohan Reddy,7087273675,Coimbatore,Tamil Nadu,6,4.5,3,3,5,2026-07-09 16:20:40,2026-07-31 15:24:25,70063,Bronze (5-20)
70122,Kamal Sharma,7073213072,Visakhapatnam,Andhra Pradesh,6,3.5,5,1,6,2026-07-08 19:55:45,2026-07-30 19:53:40,70122,Bronze (5-20)
70119,Ashok Singh,9349816537,Ajmer,Rajasthan,6,4.5,3,3,6,2026-07-03 20:07:24,2026-07-23 13:25:54,70119,Bronze (5-20)
70004,Rakesh Joshi,9942049003,Kolkata,West Bengal,5,4.0,2,3,5,2026-07-06 15:57:35,2026-07-21 10:10:53,70004,Low (<5)
70196,Ramesh Shah,7987066032,Gaya,Bihar,5,3.5,3,2,5,2026-07-05 10:23:26,2026-07-25 17:44:21,70196,Low (<5)
70120,Ajay Dubey,9670749710,Ahmedabad,Gujarat,5,4.0,2,3,5,2026-07-08 15:37:29,2026-07-29 19:06:56,70120,Low (<5)
70106,Anil Jain,7070203880,Belgaum,Karnataka,5,3.5,3,2,5,2026-07-01 17:41:09,2026-07-25 12:45:48,70106,Low (<5)
70239,Rakesh Dubey,9696012533,Berhampur,Odisha,5,4.5,1,4,3,2026-07-04 15:00:15,2026-07-29 17:05:00,70239,Low (<5)
70178,Gopal Reddy,7067396048,Karimnagar,Telangana,5,3.5,3,2,3,2026-07-05 10:56:29,2026-07-24 15:58:44,70178,Low (<5)
70156,Ramesh Bhatia,9956695565,Pune,Maharashtra,5,4.0,2,3,5,2026-07-15 18:17:08,2026-07-31 13:44:05,70156,Low (<5)
70222,Mukesh Dubey,9154810380,Surat,Gujarat,5,2.5,5,0,4,2026-07-21 09:44:22,2026-07-30 17:26:12,70222,Low (<5)
70110,Pankaj Dubey,9420016389,Vadodara,Gujarat,4,3.5,1,3,4,2026-07-11 20:31:03,2026-07-24 17:45:21,70110,Low (<5)
70173,Rakesh Choudhary,9347622748,Patiala,Punjab,4,3.5,1,3,4,2026-07-01 17:39:40,2026-07-30 10:45:58,70173,Low (<5)
70207,Manoj Singh,9325702852,Lucknow,Uttar Pradesh,4,3.5,1,3,4,2026-07-05 09:59:48,2026-07-31 18:06:36,70207,Low (<5)
70221,Kamal Reddy,9345553686,Asansol,West Bengal,4,3.5,1,3,4,2026-07-03 11:10:19,2026-07-17 19:58:35,70221,Low (<5)
70100,Arun Sharma,7049138695,Asansol,West Bengal,4,3.0,2,2,4,2026-07-05 10:08:44,2026-07-25 13:55:27,70100,Low (<5)
70228,Kamal Singh,9166728215,Bikaner,Rajasthan,3,1.5,3,0,3,2026-07-03 09:49:30,2026-07-22 14:50:16,70228,Low (<5)
70231,Ashok Yadav,8882045464,Panipat,Haryana,3,1.5,3,0,3,2026-07-07 09:47:16,2026-07-21 17:34:02,70231,Low (<5)
70163,Mohan Choudhary,8895561923,Vijayawada,Andhra Pradesh,3,2.0,2,1,3,2026-07-09 14:43:11,2026-07-21 14:58:31,70163,Low (<5)
70189,Deepak Choudhary,9752664041,Mumbai,Maharashtra,3,1.5,3,0,3,2026-07-02 18:32:47,2026-07-11 13:48:12,70189,Low (<5)
70021,Mahesh Bhatia,9721506305,Bhavnagar,Gujarat,3,1.5,3,0,3,2026-07-01 17:42:37,2026-07-30 20:09:04,70021,Low (<5)
70026,Deepak Jain,9893494666,Ahmedabad,Gujarat,3,2.0,2,1,2,2026-07-03 09:20:49,2026-07-06 16:26:19,70026,Low (<5)
70059,Jagdish Mehta,8842425301,Nagpur,Maharashtra,3,2.0,2,1,3,2026-07-06 09:17:19,2026-07-16 17:59:14,70059,Low (<5)
70176,Manoj Choudhary,9920774986,Coimbatore,Tamil Nadu,3,3.0,0,3,3,2026-07-03 19:53:59,2026-07-26 16:31:31,70176,Low (<5)
70037,Gopal Kumar,9966877183,Surat,Gujarat,3,2.0,2,1,3,2026-07-09 13:19:33,2026-07-26 16:12:42,70037,Low (<5)
70055,Vinod Jain,8918454561,Kolhapur,Maharashtra,2,2.0,0,2,2,2026-07-09 11:07:37,2026-07-31 20:36:05,70055,Low (<5)
70006,Pankaj Rao,9623479854,Mumbai,Maharashtra,2,1.5,1,1,2,2026-07-12 15:58:02,2026-07-28 16:09:37,70006,Low (<5)
70033,Ajay Tiwari,9453563237,Jamnagar,Gujarat,2,1.5,1,1,2,2026-07-19 10:21:19,2026-07-25 15:04:54,70033,Low (<5)
70184,Sanjay Sharma,9677007551,Asansol,West Bengal,2,1.5,1,1,2,2026-07-09 14:47:21,2026-07-26 18:13:35,70184,Low (<5)
70139,Praveen Mishra,9461048404,Kolhapur,Maharashtra,2,1.5,1,1,2,2026-07-25 15:36:40,2026-07-29 17:19:02,70139,Low (<5)
70213,Vikram Joshi,9356048559,Coimbatore,Tamil Nadu,2,1.5,1,1,2,2026-07-10 18:28:09,2026-07-17 19:09:12,70213,Low (<5)
70096,Rajesh Choudhary,9418411883,Kanpur,Uttar Pradesh,2,1.5,1,1,2,2026-07-06 18:29:08,2026-07-13 10:16:20,70096,Low (<5)
70223,Gopal Tiwari,7014338843,Vijayawada,Andhra Pradesh,2,1.5,1,1,2,2026-07-01 20:50:50,2026-07-31 16:45:20,70223,Low (<5)
70215,Mukesh Patel,9775244261,Jamnagar,Gujarat,2,1.5,1,1,2,2026-07-11 13:15:03,2026-07-29 14:29:01,70215,Low (<5)
70190,Kamal Verma,8898997222,Chennai,Tamil Nadu,2,1.0,2,0,2,2026-07-13 16:24:34,2026-07-21 10:09:11,70190,Low (<5)
70112,Ramesh Singh,7087859104,Prayagraj,Uttar Pradesh,1,1.0,0,1,1,2026-07-08 17:49:27,2026-07-08 17:49:27,70112,Low (<5)
70081,Vijay Malhotra,7926689088,Nellore,Andhra Pradesh,1,0.5,1,0,1,2026-07-19 19:44:19,2026-07-19 19:44:19,70081,Low (<5)
70054,Naresh Yadav,7940185054,Bhavnagar,Gujarat,1,0.5,1,0,1,2026-07-08 17:25:05,2026-07-08 17:25:05,70054,Low (<5)
70036,Sunil Singh,9688384476,Asansol,West Bengal,1,0.5,1,0,1,2026-07-22 10:14:13,2026-07-22 10:14:13,70036,Low (<5)
70076,Satish Singh,9531496823,Ahmedabad,Gujarat,1,1.0,0,1,1,2026-07-09 18:34:26,2026-07-09 18:34:26,70076,Low (<5)
70117,Naresh Rao,9163689327,Mangalore,Karnataka,1,1.0,0,1,1,2026-07-04 16:33:38,2026-07-04 16:33:38,70117,Low (<5)
70118,Rakesh Agarwal,9473655986,Bangalore,Karnataka,1,0.5,1,0,1,2026-07-30 14:27:52,2026-07-30 14:27:52,70118,Low (<5)
70146,Manoj Sharma,7983976082,Vadodara,Gujarat,1,1.0,0,1,1,2026-07-05 20:24:32,2026-07-05 20:24:32,70146,Low (<5)
70147,Dinesh Bhatia,7955745469,West Delhi,Delhi,1,0.5,1,0,1,2026-07-01 16:22:19,2026-07-01 16:22:19,70147,Low (<5)
70128,Dinesh Dubey,9720669435,Patiala,Punjab,1,0.5,1,0,1,2026-07-29 17:47:05,2026-07-29 17:47:05,70128,Low (<5)
70143,Harish Singh,9695518073,Agra,Uttar Pradesh,1,1.0,0,1,1,2026-07-12 10:06:22,2026-07-12 10:06:22,70143,Low (<5)
70212,Vinod Jain,9689540080,Kanpur,Uttar Pradesh,1,0.5,1,0,1,2026-07-30 17:07:29,2026-07-30 17:07:29,70212,Low (<5)
70229,Rajesh Mishra,9885998646,Guntur,Andhra Pradesh,1,1.0,0,1,1,2026-07-23 17:50:15,2026-07-23 17:50:15,70229,Low (<5)
