State_Name,total_scans,b5_scans,b10_scans,calculated_box_count,total_retailers,avg_scans_per_retailer,scan_share_pct,b5_share_pct
Uttar Pradesh,1015,587,428,721.5,33,30.76,14.83,14.37
Maharashtra,970,613,357,663.5,33,29.39,14.17,15.01
Andhra Pradesh,813,489,324,568.5,27,30.11,11.88,11.97
Gujarat,765,456,309,537.0,34,22.5,11.18,11.16
Karnataka,683,412,271,477.0,25,27.32,9.98,10.09
Tamil Nadu,535,316,219,377.0,21,25.48,7.82,7.74
Bihar,469,277,192,330.5,10,46.9,6.85,6.78
Delhi,412,240,172,292.0,11,37.45,6.02,5.88
West Bengal,292,169,123,207.5,17,17.18,4.27,4.14
Rajasthan,247,142,105,176.0,12,20.58,3.61,3.48
Telangana,196,115,81,138.5,4,49.0,2.86,2.82
Madhya Pradesh,178,107,71,124.5,8,22.25,2.6,2.62
Punjab,106,61,45,75.5,7,15.14,1.55,1.49
Odisha,97,60,37,67.0,5,19.4,1.42,1.47
Haryana,66,41,25,45.5,3,22.0,0.96,1.0
